CASEID,BBC3_1,BBC3_2,BBC3_3,BBC3_4,BBC3_5,BBC3_6,BBC3_7,BBC3_8,BBC3_9,BBC3_10,PPINC7,state,vote_2020,gender,pid,accuracy_count,accuracy_score
1,0,0,0,0,0,1,1,1,0,0,7,AR,Donald Trump,Female,Independent,3,0.3
2,1,0,1,0,0,1,1,0,0,0,7,AZ,Donald Trump,Male,Republican,4,0.4
4,1,1,1,1,1,1,1,1,1,1,6,MA,Joe Biden,Male,Democrat,10,1
5,0,0,0,0,0,0,0,0,0,0,3,NH,Donald Trump,Female,Independent,0,0
10,0,1,0,0,0,0,0,0,0,0,3,SC,Donald Trump,Female,Republican,1,0.1
11,1,1,1,1,0,1,1,1,1,1,6,ID,Joe Biden,Male,Democrat,9,0.9
13,1,1,1,1,1,1,1,1,1,1,5,IA,Joe Biden,Female,Independent,10,1
15,1,0,0,1,1,1,1,1,0,1,6,SD,Donald Trump,Male,Independent,7,0.7
16,1,0,1,1,0,1,1,1,0,1,6,TN,Donald Trump,Female,Independent,7,0.7
17,0,0,1,1,0,0,1,1,0,0,4,FL,Donald Trump,Female,Independent,4,0.4
18,1,1,1,1,1,1,1,1,1,1,6,CA,Joe Biden,Male,Independent,10,1
19,1,1,1,1,1,1,1,1,1,1,7,SC,Joe Biden,Male,Independent,10,1
21,0,0,0,0,0,0,1,1,0,0,1,SC,Donald Trump,Female,Republican,2,0.2
22,1,1,1,1,1,1,1,1,1,1,7,CT,Joe Biden,Female,Democrat,10,1
24,1,0,1,1,1,1,1,1,1,1,5,CA,Joe Biden,Male,Independent,9,0.9
25,1,1,1,1,1,1,1,1,1,1,7,WA,Joe Biden,Female,Independent,10,1
28,0,0,1,0,0,1,1,0,0,0,3,KY,Donald Trump,Male,Republican,3,0.3
29,1,1,0,0,1,0,1,1,1,0,6,TX,Joe Biden,Female,Democrat,6,0.6
31,1,0,0,1,1,1,1,1,0,1,6,FL,Donald Trump,Female,Republican,7,0.7
32,1,1,1,1,1,1,1,1,1,1,3,WY,Joe Biden,Female,Independent,10,1
33,1,1,1,1,1,1,1,1,1,1,6,SC,Joe Biden,Female,Democrat,10,1
34,1,1,1,1,1,1,1,1,1,1,7,WA,Donald Trump,Male,Republican,10,1
35,1,0,0,0,0,1,1,1,0,0,6,NH,Donald Trump,Male,Independent,4,0.4
38,1,0,1,0,1,1,1,1,0,1,5,NY,Donald Trump,Male,Republican,7,0.7
41,1,1,1,1,1,1,1,1,1,1,3,NJ,Joe Biden,Female,Democrat,10,1
42,0,0,0,1,0,1,1,1,0,0,6,NY,Donald Trump,Male,Independent,4,0.4
43,1,0,0,0,0,1,1,0,0,0,4,FL,Donald Trump,Male,Republican,3,0.3
44,1,1,0,1,1,1,1,1,1,1,3,NC,Joe Biden,Female,Independent,9,0.9
46,0,0,0,0,0,1,1,1,0,0,4,AZ,Donald Trump,Female,Republican,3,0.3
47,1,1,1,0,1,0,1,1,1,1,3,ND,Joe Biden,Female,Democrat,8,0.8
48,1,0,0,1,0,1,1,0,0,1,6,FL,Joe Biden,Female,Independent,5,0.5
49,1,0,0,0,0,1,1,1,0,1,7,NY,Donald Trump,Female,Republican,5,0.5
50,0,1,1,1,1,1,1,1,1,1,4,NY,Joe Biden,Female,Democrat,9,0.9
52,1,1,1,1,1,1,1,1,1,1,4,NY,Joe Biden,Female,Independent,10,1
54,1,1,1,1,1,1,1,1,1,1,3,PA,Joe Biden,Male,Republican,10,1
57,1,1,0,1,0,1,1,1,0,0,6,PA,Donald Trump,Female,Republican,6,0.6
58,1,1,1,1,1,1,1,1,1,1,7,IL,Joe Biden,Male,Independent,10,1
59,1,1,1,1,1,1,1,1,1,1,6,GA,Joe Biden,Male,Independent,10,1
60,0,1,0,1,1,0,1,1,1,0,7,TX,Joe Biden,Male,Democrat,6,0.6
61,1,1,1,1,1,1,1,1,1,1,7,NC,Joe Biden,Female,Democrat,10,1
62,1,0,0,0,0,0,1,1,0,0,4,NJ,Donald Trump,Female,Independent,3,0.3
64,1,1,1,1,1,1,1,1,1,1,3,MN,Joe Biden,Female,Independent,10,1
66,1,0,1,0,0,1,1,1,0,1,5,KY,Donald Trump,Female,Republican,6,0.6
67,1,0,0,0,0,1,1,1,0,1,4,TX,Donald Trump,Female,Republican,5,0.5
71,1,1,1,1,1,1,1,1,1,1,6,MO,Joe Biden,Male,Democrat,10,1
73,1,1,0,0,0,1,1,1,0,0,6,CA,Donald Trump,Male,Independent,5,0.5
74,0,0,1,0,0,1,1,1,0,0,7,PA,Donald Trump,Female,Republican,4,0.4
76,1,1,1,1,1,1,1,1,1,1,3,IL,Joe Biden,Female,Democrat,10,1
77,1,1,1,1,1,1,1,1,1,1,7,CA,Joe Biden,Female,Democrat,10,1
78,1,0,0,0,0,0,1,1,0,1,4,KS,Donald Trump,Female,Republican,4,0.4
79,1,0,1,1,1,1,1,1,0,1,4,MD,Joe Biden,Female,Democrat,8,0.8
80,1,1,1,1,1,1,1,1,1,1,7,DC,Joe Biden,Male,Democrat,10,1
81,1,0,1,1,0,1,1,1,0,1,7,LA,Donald Trump,Female,Republican,7,0.7
82,1,1,0,1,1,1,1,1,1,1,6,RI,Joe Biden,Male,Democrat,9,0.9
85,0,0,1,0,0,1,1,0,0,1,4,AL,Donald Trump,Male,Republican,4,0.4
88,0,0,1,0,0,1,1,1,0,0,3,GA,Donald Trump,Female,Republican,4,0.4
89,1,0,1,1,0,1,1,1,0,1,2,WV,Donald Trump,Female,Independent,7,0.7
90,1,1,1,1,1,1,1,1,1,1,5,LA,Joe Biden,Male,Democrat,10,1
94,1,1,1,1,1,1,1,1,1,1,7,MO,Joe Biden,Female,Democrat,10,1
95,0,1,1,0,1,1,1,1,1,1,7,CA,Donald Trump,Female,Republican,8,0.8
97,1,1,1,1,1,1,1,1,1,1,6,OK,Joe Biden,Female,Democrat,10,1
98,1,1,0,1,1,1,1,1,1,1,5,IL,Joe Biden,Female,Democrat,9,0.9
100,1,1,1,1,1,1,1,1,1,1,4,PA,Joe Biden,Male,Democrat,10,1
101,1,1,1,1,1,1,1,1,1,1,5,CO,Joe Biden,Female,Independent,10,1
104,1,1,1,0,1,0,1,1,1,1,3,PA,Joe Biden,Female,Democrat,8,0.8
105,1,1,1,1,1,1,1,1,1,1,2,ID,Joe Biden,Male,Democrat,10,1
106,1,1,1,1,1,1,1,1,1,1,7,NY,Joe Biden,Female,Democrat,10,1
108,1,1,1,1,1,1,1,1,1,1,4,AZ,Joe Biden,Female,Independent,10,1
109,1,1,1,1,1,1,1,1,1,1,6,OR,Joe Biden,Female,Democrat,10,1
111,1,0,1,0,1,1,1,1,0,1,4,OH,Donald Trump,Female,Republican,7,0.7
112,1,1,1,1,1,1,1,1,1,1,2,NM,Joe Biden,Male,Democrat,10,1
115,1,0,0,1,0,1,1,1,0,1,3,FL,Joe Biden,Female,Republican,6,0.6
116,1,0,1,0,0,0,1,1,0,0,3,TX,Donald Trump,Female,Independent,4,0.4
118,0,0,0,0,0,0,1,0,0,0,2,MI,Donald Trump,Female,Republican,1,0.1
119,1,1,0,1,1,1,1,1,1,1,7,NJ,Joe Biden,Male,Independent,9,0.9
123,1,1,0,0,1,1,1,1,0,0,4,MI,Donald Trump,Male,Republican,6,0.6
124,1,1,1,1,1,1,1,1,0,1,6,CA,Donald Trump,Female,Independent,9,0.9
125,1,1,1,1,1,1,1,1,1,1,5,IA,Joe Biden,Male,Democrat,10,1
126,1,1,1,1,1,0,1,1,1,1,6,OK,Joe Biden,Male,Democrat,9,0.9
128,0,1,1,1,1,1,1,1,1,1,7,CA,Joe Biden,Female,Democrat,9,0.9
129,0,1,1,1,1,1,1,1,1,1,7,CO,Joe Biden,Male,Independent,9,0.9
132,1,1,0,1,1,0,1,1,1,1,3,NV,Joe Biden,Male,Democrat,8,0.8
133,1,1,1,1,1,1,1,0,1,1,2,NY,Joe Biden,Male,Democrat,9,0.9
134,1,1,1,1,1,1,1,1,1,1,5,PA,Joe Biden,Female,Democrat,10,1
135,1,1,1,1,1,1,1,1,1,1,7,PA,Joe Biden,Female,Democrat,10,1
136,1,1,1,1,1,1,1,1,1,1,5,MA,Joe Biden,Female,Independent,10,1
137,1,1,1,1,1,1,1,1,1,1,3,CA,Joe Biden,Male,Democrat,10,1
138,1,1,1,1,1,1,1,1,1,1,7,OH,Joe Biden,Female,Republican,10,1
139,1,1,1,0,1,0,1,1,1,0,3,NE,Donald Trump,Male,Republican,7,0.7
141,1,0,1,1,1,1,1,1,0,1,7,IA,Donald Trump,Male,Republican,8,0.8
142,1,1,1,1,1,1,1,1,1,1,4,WA,Joe Biden,Male,Democrat,10,1
144,1,1,0,1,1,1,1,1,1,1,4,CA,Joe Biden,Female,Democrat,9,0.9
145,1,1,1,1,1,1,1,1,1,1,4,GA,Joe Biden,Female,Independent,10,1
146,1,1,1,1,1,1,1,1,1,1,7,VA,Joe Biden,Male,Democrat,10,1
147,1,0,1,0,1,1,1,1,0,1,6,WV,Donald Trump,Female,Republican,7,0.7
150,0,1,1,0,1,1,1,1,0,1,7,AZ,Joe Biden,Female,Republican,7,0.7
152,0,0,0,0,0,0,1,0,0,0,7,CA,Donald Trump,Female,Republican,1,0.1
153,0,0,0,0,0,0,0,0,0,0,6,AR,Donald Trump,Male,Republican,0,0
154,1,0,1,1,0,1,1,1,0,1,4,NJ,Donald Trump,Male,Democrat,7,0.7
155,1,1,0,1,1,1,1,1,1,1,7,MN,Joe Biden,Male,Independent,9,0.9
157,0,0,0,0,0,1,1,0,0,0,6,MD,Donald Trump,Female,Independent,2,0.2
158,1,1,1,1,1,1,1,1,1,1,7,MD,Donald Trump,Male,Republican,10,1
160,1,1,1,1,1,1,1,1,1,1,5,CA,Joe Biden,Male,Democrat,10,1
161,0,0,0,1,1,1,1,1,1,0,4,OH,Joe Biden,Male,Democrat,6,0.6
163,1,0,1,0,0,1,1,1,0,1,3,MN,Donald Trump,Female,Republican,6,0.6
164,1,1,1,1,1,0,1,1,1,1,6,OK,Joe Biden,Male,Democrat,9,0.9
165,0,0,1,0,0,1,1,1,0,0,6,NY,Donald Trump,Male,Republican,4,0.4
166,0,1,1,1,1,1,1,1,1,0,7,NY,Joe Biden,Male,Independent,8,0.8
167,1,1,1,1,1,1,1,1,1,1,6,VA,Joe Biden,Female,Democrat,10,1
168,1,0,0,0,0,1,1,1,0,1,3,CA,Donald Trump,Female,Independent,5,0.5
170,1,0,0,0,0,1,1,1,0,1,6,AZ,Donald Trump,Male,Republican,5,0.5
171,0,1,0,1,1,1,1,1,1,1,4,IL,Joe Biden,Male,Democrat,8,0.8
173,1,0,1,0,0,1,1,1,0,1,3,NY,Donald Trump,Female,Republican,6,0.6
174,1,0,0,0,0,0,1,1,0,1,4,DE,Donald Trump,Male,Republican,4,0.4
175,1,1,1,1,1,1,1,1,1,1,6,TX,Joe Biden,Male,Democrat,10,1
178,1,1,0,1,1,1,0,1,1,1,4,PA,Joe Biden,Male,Republican,8,0.8
179,1,0,0,1,0,0,1,1,0,0,4,MO,Donald Trump,Male,Republican,4,0.4
180,0,0,0,0,0,1,1,0,0,0,3,CA,Donald Trump,Male,Republican,2,0.2
181,1,1,0,1,1,1,1,1,1,1,7,NY,Joe Biden,Female,Independent,9,0.9
182,1,1,1,1,1,1,1,1,1,1,3,ID,Donald Trump,Male,Independent,10,1
183,1,1,1,1,1,1,1,1,1,1,5,TX,Joe Biden,Male,Democrat,10,1
187,0,1,1,1,1,1,1,1,1,1,4,CT,Joe Biden,Male,Democrat,9,0.9
188,0,0,0,0,0,0,0,1,0,0,7,TN,Donald Trump,Male,Republican,1,0.1
189,1,1,1,0,1,1,1,0,1,0,5,MD,Joe Biden,Male,Democrat,7,0.7
190,1,1,1,1,1,1,1,1,1,1,6,DC,Joe Biden,Male,Democrat,10,1
191,1,1,1,1,1,1,1,1,1,1,5,AZ,Joe Biden,Male,Democrat,10,1
192,1,0,0,0,0,1,1,1,0,1,3,NY,Donald Trump,Male,Republican,5,0.5
193,1,1,1,1,1,1,1,1,1,1,6,MO,Joe Biden,Male,Democrat,10,1
194,1,0,0,1,1,1,1,1,0,1,4,CA,Donald Trump,Female,Republican,7,0.7
196,0,0,1,1,0,0,1,0,0,1,4,IL,Donald Trump,Male,Republican,4,0.4
197,1,1,1,1,1,1,1,1,1,1,7,FL,Joe Biden,Male,Republican,10,1
200,1,0,0,1,0,1,1,1,0,1,7,TX,Donald Trump,Female,Independent,6,0.6
201,1,1,1,1,0,1,1,1,1,1,4,GA,Joe Biden,Male,Democrat,9,0.9
202,1,0,0,1,1,0,1,1,1,0,5,CA,Joe Biden,Female,Democrat,6,0.6
203,1,1,1,0,1,1,1,1,1,0,6,CA,Joe Biden,Male,Democrat,8,0.8
205,1,0,1,1,1,1,1,1,0,1,7,MN,Donald Trump,Male,Republican,8,0.8
206,1,1,0,1,1,1,1,1,1,1,7,PA,Joe Biden,Male,Independent,9,0.9
207,1,1,1,1,1,1,1,1,1,1,3,FL,Joe Biden,Male,Independent,10,1
209,1,1,1,1,1,1,1,1,1,1,6,KY,Joe Biden,Male,Democrat,10,1
210,1,1,1,1,1,1,1,1,0,1,7,CA,Donald Trump,Female,Independent,9,0.9
212,1,1,1,1,1,1,1,1,1,1,1,CO,Joe Biden,Female,Independent,10,1
216,0,1,0,0,1,1,1,1,0,1,5,NJ,Joe Biden,Male,Independent,6,0.6
218,1,1,1,1,1,0,1,1,1,1,5,NJ,Joe Biden,Male,Independent,9,0.9
219,1,1,1,1,1,1,1,1,1,1,7,HI,Joe Biden,Male,Independent,10,1
220,0,0,0,0,0,0,0,0,0,0,2,OH,Donald Trump,Male,Republican,0,0
221,1,0,1,0,0,1,1,1,0,0,4,AL,Donald Trump,Female,Republican,5,0.5
223,1,1,1,1,1,1,1,1,1,1,5,KS,Joe Biden,Male,Democrat,10,1
224,1,1,1,1,1,1,0,1,1,1,2,UT,Joe Biden,Female,Democrat,9,0.9
226,0,0,0,0,0,0,0,0,0,0,6,OH,Donald Trump,Female,Republican,0,0
228,1,0,1,0,0,1,1,1,0,0,5,AZ,Donald Trump,Female,Republican,5,0.5
231,0,0,1,0,1,0,1,1,0,0,4,AZ,Donald Trump,Female,Independent,4,0.4
233,1,1,1,1,1,1,1,1,1,1,3,OR,Joe Biden,Female,Democrat,10,1
237,1,1,1,1,1,1,1,1,1,1,7,NY,Joe Biden,Male,Democrat,10,1
238,0,0,1,1,0,0,1,1,0,1,6,VA,Donald Trump,Female,Republican,5,0.5
240,1,0,0,0,0,1,1,1,1,1,7,KS,Donald Trump,Female,Republican,6,0.6
243,1,1,1,1,1,1,1,1,1,1,7,WA,Joe Biden,Male,Democrat,10,1
244,1,1,0,1,1,0,1,1,1,1,3,VA,Donald Trump,Female,Independent,8,0.8
247,1,1,1,1,1,1,1,1,1,1,4,IN,Joe Biden,Male,Democrat,10,1
248,1,1,1,1,1,1,1,1,1,1,4,MI,Joe Biden,Male,Democrat,10,1
250,1,1,1,1,1,1,1,1,1,1,7,MD,Joe Biden,Male,Republican,10,1
252,0,0,0,1,0,1,1,1,0,1,6,OH,Donald Trump,Male,Independent,5,0.5
254,1,1,1,1,1,1,1,1,1,1,7,IA,Donald Trump,Female,Republican,10,1
256,1,1,1,1,1,1,1,1,1,1,7,PA,Joe Biden,Male,Independent,10,1
257,1,1,1,1,1,1,1,1,1,1,7,AZ,Joe Biden,Male,Independent,10,1
259,1,0,1,0,0,1,1,1,1,1,6,CA,Donald Trump,Male,Republican,7,0.7
260,1,1,1,1,1,1,1,1,1,1,7,TN,Joe Biden,Male,Democrat,10,1
267,1,0,0,0,0,0,1,0,0,0,7,MA,Donald Trump,Male,Republican,2,0.2
268,0,1,1,1,1,1,1,1,1,1,7,KY,Joe Biden,Female,Democrat,9,0.9
270,0,1,1,0,1,0,1,1,1,1,3,IL,Joe Biden,Female,Democrat,7,0.7
271,1,1,1,0,1,1,1,1,1,0,7,CA,Joe Biden,Female,Democrat,8,0.8
272,0,1,1,1,1,1,1,1,1,1,4,AZ,Joe Biden,Male,Independent,9,0.9
274,1,1,1,1,1,1,0,1,0,0,4,AZ,Joe Biden,Male,Independent,7,0.7
275,1,1,1,1,1,1,1,1,1,1,7,CA,Donald Trump,Male,Democrat,10,1
279,0,1,1,1,0,1,1,1,0,1,4,AZ,Donald Trump,Female,Independent,7,0.7
285,1,0,1,0,0,1,1,1,0,1,7,NY,Donald Trump,Male,Independent,6,0.6
286,1,0,0,1,0,1,1,1,0,0,4,TN,Donald Trump,Female,Republican,5,0.5
287,1,0,1,1,0,1,1,1,0,1,7,OH,Donald Trump,Male,Independent,7,0.7
292,1,1,1,1,1,1,1,1,1,1,6,NC,Joe Biden,Female,Democrat,10,1
295,1,1,1,1,1,1,1,1,1,1,5,TX,Joe Biden,Female,Democrat,10,1
297,1,0,1,0,0,0,1,0,0,0,6,CA,Donald Trump,Male,Independent,3,0.3
298,1,1,1,1,1,1,1,1,1,1,6,MA,Joe Biden,Male,Democrat,10,1
299,1,1,1,1,1,1,1,1,1,1,7,TX,Joe Biden,Male,Independent,10,1
301,1,1,1,1,1,1,1,1,1,1,7,IN,Joe Biden,Male,Democrat,10,1
302,1,1,0,0,1,1,1,1,1,1,7,CA,Joe Biden,Female,Democrat,8,0.8
306,1,1,1,1,0,1,1,1,0,1,7,IA,Donald Trump,Male,Independent,8,0.8
308,1,1,1,1,1,1,1,1,1,1,5,NC,Joe Biden,Female,Democrat,10,1
313,1,0,0,0,0,0,1,1,0,0,5,NY,Donald Trump,Female,Independent,3,0.3
321,1,1,1,1,1,0,1,1,1,1,6,NY,Joe Biden,Male,Independent,9,0.9
322,1,1,0,1,1,1,1,1,0,0,6,GA,Joe Biden,Female,Independent,7,0.7
323,1,1,1,1,1,1,1,1,1,1,6,GA,Joe Biden,Female,Democrat,10,1
324,0,1,1,0,1,1,1,1,0,0,7,IL,Donald Trump,Male,Republican,6,0.6
325,1,1,1,1,1,1,1,1,1,1,7,VA,Joe Biden,Female,Democrat,10,1
326,1,1,1,1,1,1,1,1,1,1,6,UT,Joe Biden,Female,Independent,10,1
330,0,1,1,1,1,1,0,1,1,1,6,AZ,Joe Biden,Female,Democrat,8,0.8
331,1,1,1,1,1,1,1,1,0,1,4,PA,Joe Biden,Female,Democrat,9,0.9
332,1,0,0,0,0,0,1,1,0,0,7,CA,Donald Trump,Female,Republican,3,0.3
333,0,0,0,0,0,0,1,1,0,0,6,TX,Donald Trump,Female,Republican,2,0.2
335,1,0,1,1,0,1,1,1,0,0,4,MT,Donald Trump,Female,Republican,6,0.6
336,1,1,1,1,1,1,1,1,1,1,6,NY,Joe Biden,Female,Independent,10,1
337,0,1,0,1,1,0,1,1,1,1,6,AR,Joe Biden,Female,Democrat,7,0.7
338,1,0,0,0,0,1,1,1,0,1,4,MA,Donald Trump,Female,Republican,5,0.5
339,1,1,1,1,1,1,1,1,1,1,6,TX,Joe Biden,Female,Democrat,10,1
340,1,1,0,0,1,1,1,1,1,1,7,ND,Donald Trump,Male,Republican,8,0.8
341,0,1,0,1,1,1,1,1,1,0,5,PA,Joe Biden,Male,Democrat,7,0.7
344,1,1,1,1,1,1,1,1,1,1,4,OH,Joe Biden,Female,Democrat,10,1
348,1,1,1,1,1,1,1,1,1,1,7,CA,Joe Biden,Male,Democrat,10,1
349,1,1,1,1,1,1,1,1,1,1,3,PA,Joe Biden,Male,Independent,10,1
350,1,1,1,1,1,1,1,1,1,1,5,TX,Joe Biden,Female,Independent,10,1
351,1,0,1,0,0,1,1,0,0,0,5,OH,Donald Trump,Female,Independent,4,0.4
354,1,1,1,1,1,1,1,1,1,1,6,NC,Joe Biden,Male,Democrat,10,1
355,1,1,1,1,0,1,1,1,0,1,6,MI,Donald Trump,Male,Republican,8,0.8
356,1,0,1,1,0,1,1,1,0,1,7,NC,Donald Trump,Male,Republican,7,0.7
357,1,0,1,1,0,1,1,1,0,1,6,NY,Donald Trump,Female,Republican,7,0.7
358,1,1,0,1,1,1,1,1,1,1,4,NY,Joe Biden,Female,Independent,9,0.9
360,1,1,1,1,1,1,1,1,1,1,7,NY,Joe Biden,Male,Independent,10,1
364,1,1,1,1,1,1,1,1,1,1,7,MN,Joe Biden,Male,Independent,10,1
365,1,1,1,1,1,1,1,1,0,1,6,FL,Donald Trump,Male,Republican,9,0.9
366,1,1,1,1,1,1,1,1,1,1,6,MI,Joe Biden,Female,Democrat,10,1
367,1,0,1,1,0,1,1,1,0,1,5,TX,Donald Trump,Female,Independent,7,0.7
368,1,1,1,1,1,1,1,1,1,1,6,IA,Joe Biden,Male,Democrat,10,1
370,1,1,1,1,1,1,1,1,1,1,6,NC,Joe Biden,Female,Independent,10,1
371,1,1,1,1,1,1,1,1,1,1,6,MO,Joe Biden,Female,Democrat,10,1
372,1,0,0,1,0,1,0,1,1,0,7,NY,Donald Trump,Female,Independent,5,0.5
374,1,0,0,0,0,1,1,1,0,1,5,IL,Donald Trump,Male,Independent,5,0.5
375,1,1,1,1,1,1,1,1,1,1,7,CA,Joe Biden,Male,Independent,10,1
377,1,0,1,1,0,1,1,1,0,1,7,KY,Donald Trump,Female,Republican,7,0.7
378,1,0,0,1,0,0,1,1,0,0,7,AZ,Donald Trump,Female,Republican,4,0.4
380,0,0,0,0,0,0,0,0,0,0,6,IL,Donald Trump,Male,Republican,0,0
382,0,0,0,0,0,0,1,0,0,0,1,NY,Donald Trump,Female,Republican,1,0.1
383,1,0,0,0,0,1,1,0,0,1,7,CA,Donald Trump,Female,Republican,4,0.4
384,1,1,1,1,0,1,1,1,0,1,4,LA,Donald Trump,Female,Independent,8,0.8
385,1,1,1,1,1,1,1,1,1,1,5,TX,Joe Biden,Male,Independent,10,1
388,1,0,1,1,1,1,1,1,1,1,6,MA,Donald Trump,Male,Republican,9,0.9
390,1,1,1,1,1,1,1,1,1,1,4,MI,Joe Biden,Female,Democrat,10,1
392,1,1,1,1,1,1,1,1,1,1,7,CA,Joe Biden,Female,Independent,10,1
393,1,1,1,1,1,1,1,1,0,1,7,WI,Donald Trump,Male,Republican,9,0.9
395,0,1,1,0,1,1,1,1,0,1,3,NV,Donald Trump,Female,Republican,7,0.7
396,1,1,1,1,1,1,1,1,1,1,5,CA,Joe Biden,Female,Democrat,10,1
397,1,1,1,1,1,0,1,1,1,1,3,MS,Donald Trump,Female,Independent,9,0.9
398,1,1,1,1,1,1,1,1,1,1,3,RI,Joe Biden,Female,Democrat,10,1
400,1,1,1,1,1,1,1,1,1,1,7,MA,Joe Biden,Male,Democrat,10,1
402,1,0,1,1,0,1,1,1,1,1,7,GA,Donald Trump,Male,Independent,8,0.8
403,1,1,1,1,1,1,1,1,1,1,2,MI,Joe Biden,Male,Democrat,10,1
404,1,1,1,1,1,1,1,1,1,1,5,MS,Joe Biden,Female,Democrat,10,1
406,0,1,1,1,1,1,1,1,0,0,2,TX,Joe Biden,Male,Independent,7,0.7
410,0,0,1,0,0,1,0,0,0,1,1,NV,Donald Trump,Male,Republican,3,0.3
411,1,1,1,1,1,1,1,1,1,1,4,OR,Joe Biden,Female,Democrat,10,1
412,1,1,1,1,1,1,1,1,1,1,5,PA,Joe Biden,Female,Democrat,10,1
414,1,1,1,1,1,1,1,1,1,1,6,CA,Joe Biden,Male,Democrat,10,1
415,1,0,1,1,0,1,1,1,1,1,6,MT,Donald Trump,Male,Republican,8,0.8
416,1,0,1,0,0,0,1,0,0,0,6,AZ,Donald Trump,Female,Republican,3,0.3
417,1,1,1,1,1,1,1,1,1,1,5,MD,Donald Trump,Female,Independent,10,1
418,1,1,1,1,1,1,1,1,1,1,7,NC,Joe Biden,Male,Independent,10,1
419,1,1,1,1,1,1,1,1,1,1,6,FL,Joe Biden,Male,Democrat,10,1
422,1,0,0,0,0,0,1,1,0,0,6,RI,Donald Trump,Female,Republican,3,0.3
423,0,1,1,0,1,0,1,1,0,0,4,TX,Donald Trump,Male,Republican,5,0.5
424,0,0,0,0,0,1,1,1,0,0,5,FL,Donald Trump,Male,Republican,3,0.3
425,1,1,1,1,1,1,1,1,1,1,7,AZ,Joe Biden,Male,Republican,10,1
426,1,0,0,0,0,1,1,1,0,1,7,AZ,Donald Trump,Male,Independent,5,0.5
427,1,1,0,1,1,0,1,1,1,1,6,CA,Joe Biden,Female,Democrat,8,0.8
428,0,1,1,1,1,1,1,1,1,1,6,PA,Joe Biden,Male,Democrat,9,0.9
429,1,1,1,1,1,1,1,1,1,1,7,IL,Joe Biden,Female,Democrat,10,1
431,1,1,1,1,1,1,1,1,1,1,7,MD,Joe Biden,Male,Democrat,10,1
433,0,0,0,0,1,0,1,0,0,0,3,FL,Donald Trump,Female,Independent,2,0.2
435,1,0,1,1,1,1,1,1,1,1,5,MT,Joe Biden,Female,Independent,9,0.9
437,1,1,0,1,1,1,1,1,1,1,3,ID,Joe Biden,Male,Independent,9,0.9
438,0,1,0,1,1,1,1,1,1,1,3,TX,Joe Biden,Male,Democrat,8,0.8
439,1,0,1,0,1,1,1,1,1,1,7,IL,Joe Biden,Female,Democrat,8,0.8
440,1,1,0,0,1,1,1,1,1,1,4,MD,Joe Biden,Male,Democrat,8,0.8
441,1,1,1,1,1,1,1,1,1,1,7,CA,Joe Biden,Female,Democrat,10,1
442,1,1,1,1,1,1,1,1,1,1,3,CO,Joe Biden,Male,Independent,10,1
443,1,0,1,1,1,1,1,1,1,0,7,NY,Joe Biden,Female,Republican,8,0.8
444,1,1,1,1,1,1,1,1,1,1,3,TN,Joe Biden,Male,Democrat,10,1
445,1,1,1,1,1,1,1,1,1,1,5,CA,Joe Biden,Male,Democrat,10,1
446,1,1,1,1,1,1,1,1,1,1,7,NY,Joe Biden,Male,Democrat,10,1
447,1,1,1,1,1,1,1,1,1,1,7,VA,Joe Biden,Female,Democrat,10,1
448,1,1,0,1,1,1,1,1,0,1,4,MN,Joe Biden,Male,Democrat,8,0.8
451,1,1,1,1,1,1,1,1,1,0,6,MN,Joe Biden,Male,Independent,9,0.9
454,1,0,0,0,0,1,1,1,0,1,6,TN,Donald Trump,Male,Republican,5,0.5
456,1,1,1,0,1,0,1,1,0,0,5,MI,Donald Trump,Female,Republican,6,0.6
457,1,1,1,1,1,1,1,1,1,1,6,ND,Joe Biden,Female,Independent,10,1
458,1,1,1,1,1,1,1,1,1,1,5,NY,Donald Trump,Male,Independent,10,1
459,1,1,0,1,0,1,1,1,0,1,7,MO,Donald Trump,Female,Republican,7,0.7
460,1,1,1,0,1,1,1,1,0,1,4,CA,Joe Biden,Female,Democrat,8,0.8
462,1,1,1,1,1,1,1,1,1,1,4,OR,Joe Biden,Male,Democrat,10,1
463,0,0,1,0,0,1,1,0,0,1,3,NY,Donald Trump,Male,Republican,4,0.4
464,1,0,1,1,0,1,1,1,0,1,5,NJ,Donald Trump,Female,Republican,7,0.7
465,1,1,1,1,1,1,1,1,1,1,2,KS,Joe Biden,Female,Independent,10,1
466,1,1,1,1,1,1,1,1,1,1,7,PA,Joe Biden,Male,Democrat,10,1
467,0,1,0,0,1,1,1,1,1,1,6,CA,Joe Biden,Female,Democrat,7,0.7
469,1,1,0,1,1,1,1,1,1,1,5,FL,Joe Biden,Male,Republican,9,0.9
474,1,1,1,0,1,1,1,1,1,1,4,NY,Joe Biden,Female,Democrat,9,0.9
475,0,0,0,1,0,0,1,1,0,0,3,MO,Donald Trump,Female,Republican,3,0.3
476,1,1,0,1,1,1,1,1,1,1,6,NE,Joe Biden,Female,Independent,9,0.9
477,1,0,0,0,1,1,1,1,0,1,3,NY,Joe Biden,Female,Republican,6,0.6
482,0,0,1,1,0,0,1,0,0,0,6,MI,Donald Trump,Female,Republican,3,0.3
484,0,0,0,0,0,1,1,0,0,1,7,CA,Donald Trump,Female,Republican,3,0.3
487,1,1,1,1,1,1,1,1,1,1,7,VA,Joe Biden,Female,Democrat,10,1
488,1,1,0,1,1,1,1,1,0,1,4,PA,Joe Biden,Female,Independent,8,0.8
489,1,1,1,1,1,1,1,1,1,1,5,MI,Joe Biden,Male,Democrat,10,1
490,1,1,1,1,1,1,1,1,1,1,3,CA,Joe Biden,Female,Democrat,10,1
491,1,1,1,1,1,1,1,1,1,1,2,CA,Joe Biden,Female,Democrat,10,1
492,1,1,1,1,1,1,1,1,1,1,3,WA,Joe Biden,Female,Independent,10,1
493,1,1,1,1,1,1,1,1,1,1,3,GA,Joe Biden,Female,Democrat,10,1
494,1,1,1,1,1,1,1,0,1,1,7,NJ,Joe Biden,Male,Democrat,9,0.9
496,1,0,0,1,0,0,1,1,0,1,3,KY,Donald Trump,Female,Republican,5,0.5
497,1,0,0,1,1,0,1,1,0,1,7,GA,Donald Trump,Male,Republican,6,0.6
499,1,1,0,1,1,0,1,1,1,0,4,TX,Joe Biden,Female,Democrat,7,0.7
502,0,1,1,0,1,1,1,1,0,1,1,NC,Joe Biden,Male,Democrat,7,0.7
509,1,1,0,1,0,0,1,1,0,1,7,NV,Donald Trump,Female,Republican,6,0.6
514,1,1,1,1,1,1,1,1,1,1,3,IL,Joe Biden,Female,Democrat,10,1
515,1,1,0,1,1,1,1,1,1,1,7,CA,Joe Biden,Female,Democrat,9,0.9
516,1,1,1,1,1,1,1,1,1,1,6,MD,Joe Biden,Male,Republican,10,1
517,1,1,1,1,1,1,1,1,1,1,5,MI,Joe Biden,Female,Independent,10,1
518,0,0,1,1,0,1,1,1,0,0,7,VA,Donald Trump,Male,Independent,5,0.5
521,1,1,1,0,1,1,1,1,1,0,2,PA,Joe Biden,Female,Democrat,8,0.8
523,1,0,1,0,0,0,1,1,0,0,4,WV,Donald Trump,Female,Republican,4,0.4
524,0,0,1,0,0,1,1,1,1,1,7,GA,Donald Trump,Female,Independent,6,0.6
525,1,1,1,0,1,1,1,1,0,1,6,PA,Donald Trump,Male,Independent,8,0.8
526,1,1,1,1,1,1,1,1,1,1,7,WA,Joe Biden,Male,Independent,10,1
527,1,1,1,1,1,1,1,1,1,1,6,CA,Joe Biden,Male,Democrat,10,1
528,1,1,0,1,1,1,1,1,0,0,7,GA,Donald Trump,Female,Independent,7,0.7
530,0,1,1,0,1,1,1,1,1,1,3,OK,Joe Biden,Female,Independent,8,0.8
532,1,1,1,1,1,1,1,0,1,1,5,IL,Joe Biden,Female,Democrat,9,0.9
534,1,1,0,1,1,1,1,1,1,1,3,NJ,Joe Biden,Male,Independent,9,0.9
535,1,1,1,1,1,1,1,1,1,1,7,IL,Joe Biden,Male,Democrat,10,1
536,1,1,1,1,1,1,1,1,1,1,7,TX,Joe Biden,Male,Independent,10,1
537,1,1,1,1,1,1,1,1,1,1,6,WI,Joe Biden,Male,Independent,10,1
538,1,1,1,1,1,1,1,1,1,1,7,SC,Joe Biden,Male,Democrat,10,1
539,0,0,0,0,0,0,0,0,0,0,7,CA,Donald Trump,Male,Republican,0,0
541,1,1,1,1,1,1,1,1,1,1,5,AZ,Joe Biden,Male,Independent,10,1
542,1,1,1,1,1,1,1,1,1,0,4,WI,Joe Biden,Female,Independent,9,0.9
543,1,1,1,1,1,1,1,1,1,1,7,MI,Joe Biden,Male,Independent,10,1
544,1,1,0,0,1,1,1,1,1,1,3,AL,Joe Biden,Male,Independent,8,0.8
547,0,1,0,1,0,0,0,0,0,0,6,MN,Donald Trump,Female,Republican,2,0.2
550,0,0,0,0,0,0,1,0,0,0,7,ID,Donald Trump,Male,Republican,1,0.1
551,1,1,1,1,1,1,1,1,1,1,2,CA,Joe Biden,Male,Democrat,10,1
552,1,1,1,1,1,1,1,1,1,1,6,NJ,Joe Biden,Male,Independent,10,1
554,1,1,1,0,1,1,1,1,1,1,4,OK,Joe Biden,Female,Democrat,9,0.9
555,1,0,1,1,1,1,1,1,0,1,2,MO,Donald Trump,Female,Independent,8,0.8
556,1,1,1,1,1,1,1,1,1,1,7,CA,Joe Biden,Male,Independent,10,1
557,0,0,0,0,0,0,1,0,0,0,4,TN,Donald Trump,Male,Independent,1,0.1
558,1,1,1,1,1,1,1,1,1,1,6,NJ,Joe Biden,Male,Republican,10,1
559,1,1,1,1,1,1,1,1,1,1,5,MS,Joe Biden,Male,Democrat,10,1
561,1,1,0,1,1,1,1,1,0,1,5,CO,Joe Biden,Male,Democrat,8,0.8
562,0,1,1,1,1,1,1,1,0,0,5,CA,Joe Biden,Female,Independent,7,0.7
563,1,1,1,0,1,1,1,1,1,1,7,LA,Joe Biden,Male,Democrat,9,0.9
564,0,1,1,1,0,1,1,1,1,1,4,FL,Joe Biden,Female,Democrat,8,0.8
567,1,1,1,1,1,1,1,1,1,1,5,OH,Joe Biden,Male,Democrat,10,1
568,1,1,1,1,1,1,1,1,1,1,6,MD,Joe Biden,Male,Independent,10,1
569,1,1,1,0,1,1,1,1,0,1,4,AZ,Joe Biden,Male,Republican,8,0.8
570,1,1,1,1,1,1,1,1,1,1,7,LA,Joe Biden,Female,Independent,10,1
571,1,1,0,1,1,1,1,1,1,1,2,CA,Joe Biden,Male,Democrat,9,0.9
572,1,1,1,1,1,1,1,1,1,1,2,NE,Joe Biden,Male,Democrat,10,1
573,1,1,1,1,1,1,1,1,1,1,5,AZ,Joe Biden,Female,Democrat,10,1
575,1,1,1,1,1,1,1,1,1,1,2,MO,Joe Biden,Female,Democrat,10,1
576,1,1,1,1,1,0,1,1,1,1,7,PA,Joe Biden,Male,Independent,9,0.9
577,1,1,1,1,1,1,1,1,1,1,3,OH,Joe Biden,Male,Independent,10,1
580,1,0,0,1,0,0,1,0,1,1,3,SC,Donald Trump,Male,Republican,5,0.5
581,0,0,1,1,0,1,1,1,0,0,7,CO,Donald Trump,Male,Republican,5,0.5
582,1,1,1,0,1,0,1,1,1,1,6,CO,Joe Biden,Female,Democrat,8,0.8
584,1,1,1,1,1,1,1,1,1,1,6,MI,Joe Biden,Female,Democrat,10,1
587,1,1,0,1,1,1,1,1,1,1,5,GA,Donald Trump,Male,Republican,9,0.9
592,1,1,1,1,1,1,0,1,1,1,6,NY,Joe Biden,Male,Independent,9,0.9
593,1,1,1,1,1,1,1,1,1,1,4,TX,Joe Biden,Female,Democrat,10,1
595,0,1,1,0,0,1,1,1,0,1,7,CO,Donald Trump,Female,Republican,6,0.6
596,1,1,1,1,1,1,1,1,1,1,7,CA,Joe Biden,Male,Democrat,10,1
597,0,1,1,1,1,1,1,1,0,0,4,KS,Joe Biden,Male,Independent,7,0.7
600,1,1,1,1,1,1,1,1,1,1,7,OR,Joe Biden,Male,Democrat,10,1
603,1,0,1,0,0,1,1,0,0,0,6,FL,Donald Trump,Male,Republican,4,0.4
604,1,1,1,1,1,1,1,1,1,1,5,AZ,Donald Trump,Female,Republican,10,1
605,1,1,1,1,1,1,1,1,1,1,3,CA,Joe Biden,Male,Independent,10,1
606,1,1,1,1,1,1,1,1,1,1,6,CA,Joe Biden,Male,Independent,10,1
609,1,1,1,1,1,0,1,1,1,1,5,CA,Joe Biden,Male,Independent,9,0.9
614,1,1,1,1,1,1,1,1,1,1,6,VA,Joe Biden,Male,Independent,10,1
616,1,1,1,0,1,1,1,1,1,1,2,NY,Joe Biden,Female,Independent,9,0.9
619,1,1,1,1,1,1,1,1,1,1,5,WA,Joe Biden,Female,Democrat,10,1
620,1,0,1,1,0,1,1,1,0,1,6,TX,Donald Trump,Male,Republican,7,0.7
621,1,0,0,0,1,1,1,1,0,1,6,ID,Donald Trump,Female,Republican,6,0.6
622,1,0,1,1,0,1,1,1,0,1,5,GA,Donald Trump,Male,Republican,7,0.7
623,0,0,1,1,1,1,1,1,0,1,6,ME,Donald Trump,Male,Republican,7,0.7
625,0,0,0,0,0,0,1,0,0,0,5,CA,Donald Trump,Male,Republican,1,0.1
626,1,1,1,1,1,1,1,1,1,1,7,IL,Joe Biden,Male,Independent,10,1
627,1,1,1,1,1,1,1,1,1,1,7,CT,Joe Biden,Male,Democrat,10,1
628,1,1,1,1,1,1,1,1,1,1,4,FL,Joe Biden,Male,Democrat,10,1
629,1,1,1,1,1,1,1,1,1,1,7,ME,Joe Biden,Female,Democrat,10,1
630,1,0,1,0,0,1,1,1,0,1,7,UT,Donald Trump,Female,Republican,6,0.6
631,1,0,1,1,1,1,1,1,1,1,6,NY,Joe Biden,Male,Democrat,9,0.9
632,1,1,1,1,1,1,1,1,1,1,2,MN,Joe Biden,Female,Democrat,10,1
634,1,1,0,1,1,1,1,1,1,1,7,NC,Joe Biden,Male,Republican,9,0.9
636,1,1,1,1,1,1,1,1,1,1,7,VA,Joe Biden,Female,Democrat,10,1
637,1,1,0,0,1,0,1,1,1,1,4,CA,Joe Biden,Female,Democrat,7,0.7
638,1,0,1,1,1,1,1,1,1,1,2,NY,Joe Biden,Female,Independent,9,0.9
643,0,1,1,1,1,1,1,1,1,1,6,NY,Joe Biden,Female,Democrat,9,0.9
644,1,1,1,1,1,1,1,1,1,0,6,MD,Joe Biden,Male,Independent,9,0.9
647,1,0,1,1,0,1,1,1,0,1,6,ME,Donald Trump,Male,Republican,7,0.7
648,0,1,1,0,1,1,1,1,1,1,5,TX,Joe Biden,Female,Democrat,8,0.8
649,1,1,1,1,1,1,1,1,1,1,2,TX,Joe Biden,Male,Democrat,10,1
651,0,1,0,1,1,1,1,1,1,1,6,AR,Joe Biden,Male,Democrat,8,0.8
652,1,1,1,1,1,1,1,1,1,0,3,PA,Joe Biden,Female,Democrat,9,0.9
653,0,0,0,0,0,1,1,0,0,0,6,WA,Donald Trump,Male,Republican,2,0.2
655,1,1,1,1,1,1,1,1,1,1,7,DE,Joe Biden,Male,Independent,10,1
656,1,1,1,1,1,1,1,1,1,1,5,NJ,Joe Biden,Male,Democrat,10,1
658,0,0,0,0,0,1,1,0,0,0,3,AZ,Donald Trump,Male,Republican,2,0.2
659,1,1,1,1,1,1,1,1,1,1,5,SD,Joe Biden,Female,Democrat,10,1
660,0,0,1,1,1,1,1,1,0,1,6,AZ,Donald Trump,Male,Republican,7,0.7
662,1,1,1,1,1,1,1,1,1,1,7,WA,Joe Biden,Male,Democrat,10,1
663,1,0,0,0,0,0,1,1,0,0,5,PA,Donald Trump,Male,Republican,3,0.3
668,1,0,0,1,0,0,1,0,0,1,7,AZ,Donald Trump,Female,Republican,4,0.4
669,1,1,0,1,1,1,1,1,1,1,4,WA,Joe Biden,Male,Independent,9,0.9
670,1,0,0,1,0,1,1,1,0,1,7,TX,Donald Trump,Male,Republican,6,0.6
671,1,1,1,1,1,1,1,1,1,1,7,CA,Joe Biden,Male,Independent,10,1
673,1,1,1,1,1,1,1,1,1,1,4,GA,Joe Biden,Male,Democrat,10,1
674,1,1,1,1,1,1,1,1,1,1,3,MI,Joe Biden,Female,Democrat,10,1
675,1,1,1,1,1,1,1,1,1,1,6,CA,Joe Biden,Male,Democrat,10,1
676,1,1,1,1,1,1,1,1,1,1,7,GA,Joe Biden,Male,Independent,10,1
679,1,1,0,1,1,1,0,1,0,0,3,TX,Joe Biden,Male,Independent,6,0.6
680,1,1,1,1,1,1,1,1,1,1,5,IA,Joe Biden,Female,Democrat,10,1
682,0,1,1,1,1,1,1,1,1,1,6,OK,Joe Biden,Male,Independent,9,0.9
683,1,0,0,0,1,1,1,1,1,1,7,MA,Joe Biden,Female,Independent,7,0.7
686,0,1,0,1,1,1,0,1,1,0,3,FL,Joe Biden,Female,Democrat,6,0.6
687,1,1,1,1,1,1,1,1,1,1,7,CT,Joe Biden,Male,Independent,10,1
690,1,1,1,1,1,1,1,1,1,1,4,UT,Joe Biden,Female,Independent,10,1
691,1,1,1,1,1,1,1,1,1,1,4,CT,Joe Biden,Male,Democrat,10,1
692,1,1,1,1,1,1,1,1,1,1,4,NY,Joe Biden,Male,Republican,10,1
693,1,1,1,0,0,1,1,1,0,1,7,CA,Donald Trump,Male,Republican,7,0.7
694,0,1,1,0,1,1,1,1,1,1,6,TX,Joe Biden,Male,Democrat,8,0.8
695,1,1,1,1,1,1,1,1,1,1,6,NC,Joe Biden,Female,Independent,10,1
698,0,1,1,1,1,1,1,1,1,0,3,MA,Joe Biden,Male,Democrat,8,0.8
699,1,1,1,1,1,1,1,1,1,1,6,CA,Joe Biden,Male,Independent,10,1
701,1,1,1,1,1,1,1,1,1,1,3,IL,Joe Biden,Female,Democrat,10,1
702,1,1,1,1,1,1,1,1,1,1,7,NY,Joe Biden,Male,Independent,10,1
703,0,0,0,0,0,0,1,1,0,0,3,IA,Donald Trump,Male,Republican,2,0.2
705,1,0,1,0,0,1,1,1,0,1,4,KS,Donald Trump,Male,Republican,6,0.6
706,1,1,1,1,1,1,0,1,1,1,7,MA,Joe Biden,Female,Democrat,9,0.9
707,1,1,1,1,1,1,1,1,1,1,5,CA,Joe Biden,Male,Democrat,10,1
710,1,1,1,0,1,1,1,1,1,1,7,CA,Joe Biden,Female,Democrat,9,0.9
712,0,1,1,1,1,1,1,1,1,1,6,NV,Joe Biden,Female,Democrat,9,0.9
713,1,1,1,1,1,1,1,1,1,1,4,CA,Joe Biden,Male,Republican,10,1
717,1,1,0,0,1,1,1,1,1,1,5,IN,Joe Biden,Male,Democrat,8,0.8
718,1,0,0,1,0,1,1,1,0,1,7,TX,Donald Trump,Male,Republican,6,0.6
719,1,0,1,0,0,1,1,1,0,1,7,IL,Donald Trump,Male,Independent,6,0.6
721,0,1,1,0,0,1,1,1,0,1,3,SC,Donald Trump,Male,Republican,6,0.6
723,1,0,1,0,0,1,1,1,0,0,6,FL,Donald Trump,Male,Republican,5,0.5
724,1,1,1,1,1,1,1,1,1,1,6,NY,Joe Biden,Male,Independent,10,1
725,1,0,1,1,0,1,1,1,1,1,4,IA,Joe Biden,Male,Independent,8,0.8
727,1,1,1,1,1,1,1,1,1,1,7,IL,Joe Biden,Male,Democrat,10,1
728,1,1,0,0,1,1,1,1,1,1,7,NY,Donald Trump,Male,Democrat,8,0.8
730,1,0,1,0,0,1,1,1,0,1,6,AR,Donald Trump,Male,Republican,6,0.6
731,1,1,1,1,1,1,1,1,1,1,5,MA,Joe Biden,Male,Democrat,10,1
732,0,0,1,1,0,1,1,0,0,0,6,WA,Donald Trump,Female,Republican,4,0.4
734,0,1,1,0,1,1,1,1,1,1,6,MA,Joe Biden,Female,Democrat,8,0.8
735,1,1,1,1,1,1,1,1,1,1,6,OH,Joe Biden,Male,Democrat,10,1
737,0,1,1,0,1,0,0,1,1,1,4,NJ,Joe Biden,Female,Democrat,6,0.6
739,1,0,0,0,1,1,1,1,1,1,5,FL,Joe Biden,Female,Democrat,7,0.7
743,1,1,1,1,1,1,1,1,1,1,6,NV,Joe Biden,Female,Democrat,10,1
744,1,1,1,1,1,1,1,1,1,1,4,NC,Joe Biden,Male,Independent,10,1
745,1,1,0,1,1,1,1,1,1,1,7,NY,Donald Trump,Male,Republican,9,0.9
746,1,1,1,1,1,1,1,1,1,1,7,KS,Joe Biden,Male,Democrat,10,1
747,1,1,1,1,1,1,1,1,1,1,6,DC,Joe Biden,Female,Democrat,10,1
748,1,1,1,1,1,1,1,1,1,1,5,OK,Joe Biden,Female,Democrat,10,1
749,1,1,1,1,0,1,1,1,0,1,6,NJ,Donald Trump,Male,Republican,8,0.8
750,1,1,1,1,1,1,1,1,1,1,3,RI,Joe Biden,Male,Democrat,10,1
751,1,1,1,1,1,1,1,1,1,1,5,PA,Joe Biden,Female,Democrat,10,1
752,1,1,1,1,1,1,1,1,1,1,4,MD,Donald Trump,Male,Republican,10,1
753,1,1,0,0,1,1,1,1,1,1,4,TX,Donald Trump,Male,Republican,8,0.8
754,1,1,1,1,1,1,1,1,1,1,6,NC,Joe Biden,Male,Independent,10,1
755,1,1,1,1,1,1,1,1,1,1,4,MI,Joe Biden,Female,Democrat,10,1
756,1,1,0,1,1,1,1,1,1,1,6,MD,Joe Biden,Female,Democrat,9,0.9
761,1,1,1,1,1,1,1,1,1,1,4,NJ,Joe Biden,Female,Democrat,10,1
762,1,1,1,1,1,1,1,1,1,1,7,FL,Joe Biden,Female,Democrat,10,1
764,1,1,1,1,1,1,1,1,1,1,4,OH,Joe Biden,Female,Democrat,10,1
765,1,1,0,1,1,1,1,1,1,1,3,TX,Joe Biden,Female,Democrat,9,0.9
771,1,1,1,0,1,0,1,1,1,1,4,NY,Joe Biden,Female,Democrat,8,0.8
772,1,0,0,1,1,1,0,1,0,0,4,NC,Joe Biden,Male,Republican,5,0.5
773,1,1,1,1,1,1,1,1,1,1,7,NY,Joe Biden,Male,Democrat,10,1
774,1,1,1,1,1,1,1,1,1,1,7,NH,Joe Biden,Male,Republican,10,1
775,0,0,0,0,0,0,1,1,0,0,6,NY,Donald Trump,Female,Republican,2,0.2
779,0,0,0,0,0,1,1,0,0,0,5,VA,Donald Trump,Female,Republican,2,0.2
780,1,1,1,1,1,1,1,1,1,1,2,OH,Joe Biden,Female,Democrat,10,1
781,1,0,1,1,0,1,1,1,0,1,4,SC,Donald Trump,Female,Republican,7,0.7
782,1,1,1,1,1,1,1,1,1,1,7,KS,Joe Biden,Male,Democrat,10,1
786,1,1,1,1,1,1,1,1,1,1,2,TX,Joe Biden,Female,Democrat,10,1
787,0,0,1,1,1,1,1,1,0,1,7,VA,Joe Biden,Female,Independent,7,0.7
788,1,1,1,1,1,1,1,1,1,1,5,MD,Joe Biden,Female,Democrat,10,1
790,1,1,1,1,1,1,1,1,1,1,2,TX,Joe Biden,Female,Democrat,10,1
791,1,1,1,1,1,1,1,1,1,1,6,MD,Joe Biden,Male,Independent,10,1
793,1,1,1,1,1,1,1,1,1,1,5,MN,Joe Biden,Male,Independent,10,1
794,1,1,1,1,1,1,1,1,1,1,6,KY,Joe Biden,Male,Democrat,10,1
797,1,0,0,0,0,0,1,1,0,1,6,TX,Donald Trump,Male,Republican,4,0.4
798,1,1,1,1,1,1,1,1,1,1,7,NY,Joe Biden,Female,Democrat,10,1
800,1,1,1,1,1,1,1,1,1,1,7,CA,Joe Biden,Male,Independent,10,1
804,1,1,1,1,1,1,1,1,1,1,5,NC,Joe Biden,Female,Democrat,10,1
807,1,0,1,0,0,0,1,0,0,0,2,AZ,Donald Trump,Female,Republican,3,0.3
808,1,1,0,1,1,1,1,1,1,1,5,PA,Joe Biden,Female,Independent,9,0.9
809,1,0,1,0,1,1,1,1,1,1,3,CA,Donald Trump,Male,Independent,8,0.8
811,1,0,0,1,1,1,1,1,1,1,2,CA,Joe Biden,Male,Independent,8,0.8
813,1,1,1,1,1,1,1,1,1,1,3,TX,Joe Biden,Male,Democrat,10,1
814,1,0,1,0,0,1,1,0,0,0,5,PA,Donald Trump,Male,Republican,4,0.4
816,1,1,1,1,1,1,1,1,1,1,7,OH,Joe Biden,Male,Democrat,10,1
817,1,1,1,1,0,1,1,1,1,1,3,LA,Joe Biden,Female,Democrat,9,0.9
818,1,1,1,1,1,1,1,1,1,1,7,VA,Joe Biden,Female,Democrat,10,1
821,1,1,1,1,1,1,1,1,1,1,6,OH,Joe Biden,Female,Democrat,10,1
822,1,1,1,1,1,1,1,1,1,1,6,NC,Joe Biden,Male,Democrat,10,1
823,0,0,1,0,0,1,1,1,0,0,5,NC,Donald Trump,Male,Republican,4,0.4
824,1,1,1,1,1,1,1,1,1,1,4,NC,Joe Biden,Male,Democrat,10,1
825,1,1,1,1,1,1,1,1,1,1,7,TX,Joe Biden,Male,Democrat,10,1
826,1,1,1,1,1,1,1,1,1,1,4,OR,Joe Biden,Female,Democrat,10,1
829,1,1,1,1,1,1,1,1,1,1,6,OH,Joe Biden,Female,Democrat,10,1
830,1,1,1,1,1,1,1,1,1,1,6,WA,Joe Biden,Male,Democrat,10,1
833,1,1,1,1,1,0,1,1,1,1,6,OH,Joe Biden,Male,Democrat,9,0.9
834,1,1,0,1,1,1,1,1,1,0,3,NM,Joe Biden,Female,Democrat,8,0.8
835,1,0,1,1,1,1,1,1,1,1,7,TX,Donald Trump,Male,Republican,9,0.9
837,1,1,1,1,1,1,1,1,1,1,7,DC,Joe Biden,Male,Democrat,10,1
839,1,1,1,1,1,1,0,1,1,1,5,FL,Joe Biden,Female,Democrat,9,0.9
840,1,0,1,1,1,1,1,1,1,1,4,NY,Joe Biden,Male,Independent,9,0.9
841,1,1,1,1,1,1,1,1,1,1,7,MD,Joe Biden,Male,Democrat,10,1
842,0,0,0,0,0,1,0,1,0,0,7,VA,Donald Trump,Female,Republican,2,0.2
843,1,0,1,0,0,1,1,1,0,1,7,NJ,Donald Trump,Female,Republican,6,0.6
844,1,1,1,0,1,1,1,1,1,1,7,CA,Joe Biden,Female,Democrat,9,0.9
845,1,1,1,1,1,1,1,1,1,1,2,IN,Donald Trump,Male,Republican,10,1
846,1,1,1,1,1,1,1,1,1,1,4,IA,Joe Biden,Female,Democrat,10,1
848,1,0,1,0,0,1,1,1,0,1,6,PA,Donald Trump,Male,Republican,6,0.6
850,1,1,1,1,1,1,1,1,1,1,4,WI,Joe Biden,Male,Independent,10,1
851,0,0,0,0,0,0,1,0,0,0,7,IN,Donald Trump,Male,Republican,1,0.1
852,1,1,1,1,1,1,1,1,1,1,3,VA,Joe Biden,Male,Democrat,10,1
853,1,0,1,0,1,0,1,1,1,0,7,IA,Joe Biden,Female,Democrat,6,0.6
854,0,1,0,0,1,1,1,1,1,1,6,VA,Joe Biden,Male,Independent,7,0.7
855,0,0,1,0,0,1,1,1,0,0,6,AZ,Donald Trump,Male,Republican,4,0.4
857,1,1,0,0,1,0,1,1,1,1,3,MI,Donald Trump,Male,Independent,7,0.7
858,1,1,1,1,1,1,1,1,1,1,5,KS,Joe Biden,Female,Democrat,10,1
859,1,1,1,1,1,1,1,1,1,1,3,FL,Joe Biden,Male,Independent,10,1
861,1,1,1,1,1,1,1,1,1,1,7,WI,Joe Biden,Male,Democrat,10,1
863,1,1,1,1,1,1,1,1,1,1,7,MI,Joe Biden,Male,Independent,10,1
864,1,1,1,1,1,1,1,1,1,1,6,WA,Joe Biden,Female,Independent,10,1
867,1,1,1,1,1,1,0,1,0,1,7,IN,Donald Trump,Male,Republican,8,0.8
868,1,1,1,1,0,1,1,1,1,1,2,CA,Joe Biden,Male,Independent,9,0.9
869,1,0,1,1,0,1,1,1,0,1,4,NC,Donald Trump,Male,Republican,7,0.7
870,1,1,0,1,1,1,1,1,1,1,7,CA,Joe Biden,Female,Independent,9,0.9
871,0,0,1,1,1,1,1,1,1,1,4,CA,Joe Biden,Female,Democrat,8,0.8
872,1,0,0,1,0,1,1,1,0,1,5,TX,Donald Trump,Female,Republican,6,0.6
873,1,1,1,1,1,1,1,1,1,1,7,FL,Joe Biden,Female,Democrat,10,1
877,1,0,0,0,1,1,1,1,0,1,4,NC,Donald Trump,Male,Independent,6,0.6
878,1,1,1,1,1,1,1,1,1,1,5,VA,Donald Trump,Male,Independent,10,1
880,1,1,0,1,1,1,1,1,0,0,7,NY,Joe Biden,Female,Republican,7,0.7
881,1,1,1,1,1,1,1,1,1,1,7,VA,Joe Biden,Male,Republican,10,1
882,1,1,1,1,1,1,1,1,1,1,7,MI,Joe Biden,Female,Democrat,10,1
884,1,1,1,1,1,1,1,1,1,1,7,TN,Joe Biden,Male,Democrat,10,1
885,0,0,1,0,0,1,1,1,0,0,3,SD,Donald Trump,Female,Republican,4,0.4
886,1,1,1,1,1,1,1,1,1,1,4,NY,Joe Biden,Male,Independent,10,1
887,1,0,1,0,0,1,1,1,0,0,4,WI,Donald Trump,Male,Independent,5,0.5
888,1,1,0,1,1,0,1,1,1,1,4,NY,Joe Biden,Female,Democrat,8,0.8
889,1,1,1,1,1,1,1,1,1,1,7,MD,Joe Biden,Male,Independent,10,1
890,1,1,1,1,1,1,1,1,1,1,7,FL,Joe Biden,Male,Democrat,10,1
891,1,0,1,0,0,1,0,1,0,0,4,SC,Joe Biden,Female,Independent,4,0.4
893,1,1,1,1,1,1,1,1,1,1,5,CA,Joe Biden,Female,Independent,10,1
894,1,0,0,1,0,0,1,0,0,0,6,MT,Donald Trump,Female,Republican,3,0.3
897,0,1,1,1,1,1,1,1,1,1,4,KS,Joe Biden,Female,Democrat,9,0.9
898,0,0,0,0,0,0,1,0,0,0,7,NJ,Donald Trump,Male,Republican,1,0.1
899,1,1,1,1,1,1,1,1,1,1,7,WA,Joe Biden,Female,Independent,10,1
900,1,1,0,1,1,1,1,1,0,1,7,CA,Joe Biden,Male,Independent,8,0.8
903,1,1,1,1,1,1,1,1,1,1,7,NC,Joe Biden,Female,Democrat,10,1
905,1,1,0,1,1,1,1,1,1,1,6,TN,Donald Trump,Male,Republican,9,0.9
906,1,0,1,0,0,1,1,1,0,1,1,CA,Donald Trump,Male,Republican,6,0.6
907,1,1,1,1,1,1,1,1,1,1,4,NJ,Joe Biden,Male,Democrat,10,1
908,1,1,1,1,1,1,1,1,1,1,7,MN,Joe Biden,Female,Democrat,10,1
909,0,0,1,0,0,1,1,0,0,0,5,TX,Donald Trump,Male,Republican,3,0.3
912,1,1,1,1,1,1,1,1,1,1,6,NJ,Joe Biden,Male,Independent,10,1
913,1,1,1,1,1,1,1,1,1,1,7,NJ,Joe Biden,Male,Democrat,10,1
914,1,1,1,1,1,1,1,1,0,1,5,PA,Donald Trump,Female,Democrat,9,0.9
915,1,0,1,1,0,1,1,1,0,1,6,TX,Donald Trump,Female,Republican,7,0.7
916,1,1,1,1,1,1,1,1,1,1,7,NY,Joe Biden,Male,Democrat,10,1
917,0,0,0,0,0,1,1,0,0,0,4,IA,Donald Trump,Male,Independent,2,0.2
920,1,1,1,1,1,1,1,1,1,1,4,CA,Joe Biden,Male,Democrat,10,1
921,1,1,1,0,1,1,1,1,0,0,5,WA,Joe Biden,Female,Democrat,7,0.7
922,0,0,1,1,0,1,1,1,1,1,6,CA,Donald Trump,Female,Republican,7,0.7
925,1,1,1,1,1,1,1,1,1,1,3,KY,Joe Biden,Male,Independent,10,1
927,1,1,1,1,1,1,1,1,1,1,7,MI,Joe Biden,Female,Democrat,10,1
931,1,1,1,1,1,1,1,1,1,1,5,RI,Joe Biden,Female,Democrat,10,1
934,1,1,1,1,1,1,1,1,1,1,4,CA,Joe Biden,Female,Democrat,10,1
935,0,0,0,0,0,1,1,0,0,0,5,SC,Donald Trump,Female,Independent,2,0.2
939,1,1,1,1,1,1,1,1,1,1,7,MN,Joe Biden,Male,Democrat,10,1
940,1,1,1,1,1,1,1,1,1,1,6,MN,Donald Trump,Female,Independent,10,1
941,1,1,1,1,1,1,1,1,1,1,6,MN,Joe Biden,Male,Democrat,10,1
942,1,1,1,1,1,1,1,1,1,0,3,AZ,Joe Biden,Male,Independent,9,0.9
943,1,1,1,1,1,1,1,1,1,1,7,MN,Joe Biden,Female,Democrat,10,1
944,1,1,1,1,1,1,1,1,1,1,6,MN,Joe Biden,Male,Republican,10,1
945,1,1,1,1,1,1,1,1,1,1,7,WA,Joe Biden,Male,Democrat,10,1
948,1,1,1,1,1,1,1,1,1,1,4,OH,Joe Biden,Female,Democrat,10,1
949,1,1,0,0,1,1,1,1,1,1,6,WA,Donald Trump,Female,Republican,8,0.8
950,1,1,0,0,1,1,1,1,1,0,6,CO,Joe Biden,Male,Democrat,7,0.7
951,1,1,1,1,1,1,1,1,1,1,4,WA,Joe Biden,Female,Independent,10,1
953,0,0,1,1,1,1,1,1,0,1,7,WA,Joe Biden,Female,Democrat,7,0.7
954,0,0,0,0,1,1,1,1,0,0,7,TX,Donald Trump,Male,Independent,4,0.4
955,1,1,1,1,1,1,1,1,1,1,6,FL,Joe Biden,Female,Democrat,10,1
956,1,0,0,0,1,1,1,1,0,1,7,CA,Donald Trump,Male,Republican,6,0.6
960,1,1,1,0,0,1,1,1,1,0,5,CO,Joe Biden,Female,Democrat,7,0.7
961,1,0,1,1,0,1,1,1,0,1,7,HI,Donald Trump,Male,Republican,7,0.7
963,1,1,0,0,0,1,1,1,0,0,2,NJ,Donald Trump,Male,Republican,5,0.5
964,1,0,0,0,0,1,1,0,0,1,4,SC,Donald Trump,Male,Republican,4,0.4
965,1,1,1,1,1,1,1,1,1,1,7,CA,Joe Biden,Male,Democrat,10,1
966,1,1,1,1,1,1,1,1,1,1,3,MI,Joe Biden,Male,Independent,10,1
967,1,1,1,1,1,1,1,1,1,1,4,NV,Joe Biden,Female,Democrat,10,1
971,0,1,0,1,1,1,1,1,1,1,4,TX,Joe Biden,Male,Democrat,8,0.8
972,1,1,1,1,1,1,1,1,1,1,6,MD,Joe Biden,Female,Democrat,10,1
973,1,0,0,0,0,1,1,1,0,0,7,TX,Donald Trump,Male,Republican,4,0.4
974,1,1,1,1,1,1,1,1,1,1,7,VA,Joe Biden,Male,Democrat,10,1
976,1,1,0,1,1,1,1,1,1,1,7,HI,Joe Biden,Female,Democrat,9,0.9
977,1,1,1,1,1,1,1,1,1,1,7,NJ,Joe Biden,Female,Democrat,10,1
978,1,1,1,0,1,1,1,1,1,1,3,TN,Joe Biden,Male,Democrat,9,0.9
979,1,1,1,1,1,1,1,1,0,1,7,MA,Donald Trump,Female,Republican,9,0.9
981,1,1,1,1,1,1,1,1,1,1,4,KS,Joe Biden,Male,Independent,10,1
983,0,1,1,1,1,0,1,1,1,1,7,PA,Joe Biden,Male,Independent,8,0.8
984,1,1,1,1,1,1,1,1,1,1,3,WA,Joe Biden,Female,Democrat,10,1
985,1,1,1,1,1,1,1,1,1,1,2,NY,Donald Trump,Male,Independent,10,1
987,1,1,1,1,1,1,1,1,1,1,3,WI,Joe Biden,Male,Independent,10,1
991,1,1,1,1,1,1,1,1,1,1,7,IL,Joe Biden,Male,Democrat,10,1
992,1,0,0,0,1,1,1,1,0,1,5,NC,Donald Trump,Male,Republican,6,0.6
995,1,1,1,1,1,1,1,1,1,1,7,NM,Joe Biden,Female,Independent,10,1
996,1,1,0,1,1,1,1,1,1,0,4,AL,Joe Biden,Male,Democrat,8,0.8
997,1,1,1,1,1,1,1,1,1,1,5,NJ,Joe Biden,Female,Democrat,10,1
999,1,0,0,0,0,0,1,1,0,0,3,GA,Donald Trump,Female,Republican,3,0.3
1002,1,1,1,1,1,1,1,1,1,1,4,WI,Joe Biden,Male,Independent,10,1
1003,1,1,1,1,1,1,1,1,1,1,5,OH,Donald Trump,Female,Democrat,10,1
1006,1,1,1,1,1,1,1,1,1,1,6,TX,Joe Biden,Male,Democrat,10,1
1009,1,1,1,1,1,1,1,1,1,1,7,TN,Joe Biden,Male,Independent,10,1
1010,1,0,0,0,0,0,1,1,0,0,6,VA,Donald Trump,Male,Republican,3,0.3
1011,0,0,0,0,0,1,1,0,0,0,3,NY,Donald Trump,Male,Republican,2,0.2
1012,1,1,1,1,1,1,1,1,1,1,5,FL,Joe Biden,Male,Democrat,10,1
1014,1,1,1,1,1,1,0,1,1,1,3,WV,Joe Biden,Female,Democrat,9,0.9
1017,0,0,1,0,0,0,1,1,0,0,6,TX,Donald Trump,Female,Republican,3,0.3
1018,1,1,1,1,1,1,1,1,1,1,7,NJ,Joe Biden,Male,Democrat,10,1
1021,1,1,1,1,1,1,1,1,1,1,6,MT,Joe Biden,Female,Democrat,10,1
1022,1,1,1,1,1,1,1,1,1,1,5,NV,Joe Biden,Female,Democrat,10,1
1024,1,0,1,1,0,1,1,1,0,1,5,IN,Donald Trump,Male,Republican,7,0.7
1025,1,1,1,1,1,1,1,1,1,1,4,WA,Joe Biden,Male,Independent,10,1
1026,1,1,1,1,1,1,1,1,1,1,5,FL,Joe Biden,Male,Independent,10,1
1028,0,0,0,0,0,0,1,0,0,0,2,PA,Donald Trump,Female,Republican,1,0.1
1029,1,0,1,1,0,1,1,1,0,1,4,OH,Donald Trump,Male,Republican,7,0.7
1030,1,1,1,1,1,1,1,1,1,1,6,TX,Joe Biden,Female,Democrat,10,1
1031,1,1,1,1,1,1,1,1,1,1,6,CA,Donald Trump,Female,Independent,10,1
1033,1,1,0,0,1,1,1,1,1,1,4,MD,Joe Biden,Female,Independent,8,0.8
1034,0,1,0,1,0,1,1,1,0,1,1,CA,Donald Trump,Female,Independent,6,0.6
1035,1,1,1,1,1,1,1,1,1,1,7,ND,Joe Biden,Male,Independent,10,1
1036,0,0,0,0,0,0,1,0,0,0,2,MO,Donald Trump,Male,Republican,1,0.1
1047,1,1,1,1,1,1,1,1,1,1,4,LA,Joe Biden,Female,Independent,10,1
1048,0,0,0,1,0,0,0,0,0,0,7,CO,Donald Trump,Male,Independent,1,0.1
1049,1,1,1,1,1,1,1,1,1,1,7,CA,Joe Biden,Male,Democrat,10,1
1050,1,1,1,1,1,1,1,1,0,1,7,FL,Donald Trump,Male,Republican,9,0.9
1051,1,1,1,1,1,1,1,1,1,1,5,CA,Joe Biden,Female,Democrat,10,1
1053,1,0,0,0,0,0,0,0,0,0,2,WV,Donald Trump,Male,Republican,1,0.1
1055,1,1,0,0,1,1,1,1,0,1,4,WA,Donald Trump,Male,Republican,7,0.7
1056,1,1,0,0,1,1,1,1,0,1,4,CO,Joe Biden,Male,Independent,7,0.7
1062,1,0,0,1,0,1,1,1,0,1,4,CA,Donald Trump,Male,Republican,6,0.6
1064,1,0,1,0,0,1,1,1,0,1,4,VA,Donald Trump,Male,Republican,6,0.6
1067,1,1,1,1,1,1,1,1,1,1,7,KS,Joe Biden,Female,Independent,10,1
1068,1,1,1,1,1,1,1,1,1,1,2,AZ,Joe Biden,Female,Independent,10,1
1069,0,0,0,0,0,0,0,0,0,0,3,IA,Donald Trump,Male,Republican,0,0
1070,1,1,1,1,1,1,1,1,1,1,7,PA,Joe Biden,Male,Democrat,10,1
1076,1,0,0,1,0,0,1,0,1,1,2,OH,Donald Trump,Female,Republican,5,0.5
1077,0,0,1,0,0,0,1,1,0,0,4,LA,Donald Trump,Male,Republican,3,0.3
1078,1,1,1,0,1,1,1,1,1,1,2,CA,Joe Biden,Female,Democrat,9,0.9
1080,1,1,0,0,1,0,1,1,1,1,4,IL,Joe Biden,Female,Democrat,7,0.7
1081,0,1,1,0,1,1,1,1,1,0,4,NE,Joe Biden,Female,Democrat,7,0.7
1082,1,1,1,1,1,1,1,1,1,1,7,MN,Joe Biden,Male,Independent,10,1
1083,0,0,0,0,0,0,1,1,0,0,5,AL,Donald Trump,Male,Republican,2,0.2
1084,1,1,1,1,1,1,1,1,1,1,3,GA,Joe Biden,Female,Democrat,10,1
1086,1,1,1,1,1,1,1,1,1,1,7,WA,Joe Biden,Male,Independent,10,1
1087,0,0,1,0,0,0,1,1,0,0,5,OK,Donald Trump,Female,Republican,3,0.3
1089,1,1,1,1,1,1,1,1,1,1,7,GA,Joe Biden,Female,Democrat,10,1
1090,0,0,1,1,0,1,1,1,0,1,5,MA,Donald Trump,Female,Republican,6,0.6
1091,1,1,1,1,1,1,1,1,1,1,4,CA,Joe Biden,Male,Democrat,10,1
1092,1,1,1,1,1,1,1,1,1,1,6,MA,Joe Biden,Male,Republican,10,1
1096,1,1,1,1,0,1,0,1,0,1,7,NY,Donald Trump,Male,Republican,7,0.7
1098,0,1,1,1,0,1,1,1,0,1,5,MA,Donald Trump,Female,Independent,7,0.7
1101,0,1,0,1,1,1,1,1,0,1,4,ID,Donald Trump,Female,Republican,7,0.7
1102,1,1,1,1,1,1,1,1,1,1,7,NY,Joe Biden,Male,Independent,10,1
1103,1,0,1,1,0,1,1,1,0,1,2,TN,Donald Trump,Female,Independent,7,0.7
1107,1,1,1,1,1,1,1,0,0,1,7,LA,Joe Biden,Female,Independent,8,0.8
1109,0,1,1,0,1,1,1,1,1,1,4,GA,Donald Trump,Female,Independent,8,0.8
